Host,Price,CPU,RAM,Disk,Disk Type,Bandwidth
[ALCHosting](https://www.alchosting.net/vps-hosting/),$3.99/mo,1,512 MB,15 GB,HDD,1 TB
[AWS](https://aws.amazon.com/savingsplans/pricing/),$60/yr,2,1 GB,10 GB,SSD,Unlimited
[Contabo](https://contabo.com/?show=vps),€3.99/mo,2,4 GB,300 GB,Hybrid,Unlimited
[CreeperHost](https://www.creeperhost.net/services),$4.07/mo,2,750 MB,3 GB,SSD,Unlimited
[Dedipath](https://dedipath.com/ssd-vps),$3.50/mo,2,1 GB,30 GB,SSD,Unlimited
[DigitalOcean](https://www.digitalocean.com/),$5/mo,1,1 GB,25 GB,SSD,1 TB
[Dreamhost](https://www.dreamhost.com/cloud/computing/),$4.50/mo,1,512 MB,80 GB,SSD,Unlimited
[ExtraVM](https://extravm.com/vps.php),$5/mo,1,1 GB,15 GB,SSD,2 TB
[FlipperHost](https://flipperhost.com/),$4.95/mo,4,512 MB,50 GB,HDD,3 TB
[GalaxyGate](https://galaxygate.net/hosting/vps/),$5/mo,1,2 GB,20 GB,NVMe,Unlimited
[Google Cloud](https://cloud.google.com/),$47/yr,1,1 GB,30 GB,SSD,Unlimited
[Hetzner](https://www.hetzner.com/cloud?country=us),€3.49/mo,2,2 GB,40 GB,HDD,20 TB
[Host Namaste](https://www.hostnamaste.com/openvz-vps.php),$4.99/mo,1,1 GB,30 GB,HDD,2 TB
[Hostigger](https://www.hostigger.com/vps),$4.99/mo,1,4 GB,40 GB,SSD,4 TB
[Hostinger](https://www.hostinger.com/vps-hosting),$3.95/mo,1,1 GB,20 GB,SSD,1 TB
[HostMem](https://www.hostmem.com/product/server/cloud),$3.38/mo,1,2 GB,40 GB,SSD,Unlimited
[Hostodo](https://hostodo.com/ssd-kvm),$4.99/mo,2,2 GB,50 GB,SSD,5 TB
[HostPls](https://host-pls.com/),$3.49/mo,2,1 GB,15 GB,SSD,200 GB
[HostSailor](https://hostsailor.com/vps-hosting/),$3.99/mo,2,512 MB,15 GB,HDD,512 GB
[Hudson Valley Host](https://hudsonvalleyhost.com/self-managed-vps-2/),$5/mo,1,512 MB,50 GB,HDD,1 TB
[HyperExpert](https://www.hyperexpert.com/features.php#vps-plans),$3.49/mo,1,1 GB,20 GB,Hybrid,Unlimited
[LetBox](https://letbox.com/page/box),$3.50/mo,1,1 GB,20 GB,NVMe,4 TB
[Linode](https://www.linode.com/),$5/mo,1,1 GB,25 GB,SSD,Unlimited
[NexusBytes](https://my.nexusbytes.com/cart.php?gid=23),$5/mo,1,2 GB,20 GB,SSD,2 TB
[PrewebHost](https://www.prewebhost.com/budget-linux-vps.php),$5/mo,1,512 MB,15 GB,HDD,1 TB
[RamNode](https://www.ramnode.com/),$5/mo,1,1 GB,35 GB,SSD,2 TB
[SimpleNode](https://simplenode.co/),$5/mo,1,512 MB,15 GB,HDD,250 GB
[SKB](https://skb-enterprise.com/nvme-vps/),€2.99/mo,1,1 GB,30 GB,NVMe,Unlimited
[SkySilk](https://www.skysilk.com/),$5/mo,1,2 GB,30 GB,SSD,1 TB
[SoftShellWeb](https://softshellweb.com/vps-hosting-usa),$3/mo,1,1 GB,20 GB,SSD,Unlimited
[StockVPS](https://stockvps.com/),$3.33/mo,1,512 MB,15 GB,HDD,500 GB
[TheStack](https://thestack.net/vps),$5/mo,2,1 GB,30 GB,HDD,2 TB
[Time4VPS](https://www.time4vps.com/linux-vps/),€3.99/mo,1,2 GB,20 GB,HDD,2 TB
[TOSHost](https://toshost.com/usa-vps-hosting),$5/mo,1,1 GB,30 GB,HDD,1 TB
[Vultr](https://www.vultr.com/),$5/mo,1,1 GB,25 GB,SSD,1 TB